<?xml version="1.0" encoding="utf-8"?>
<!--/13617993/440314/2.49/4/4/Integrated Circuit/-->
<quadcept_library>
  <setting unit="mil" />
  <textstyle name="Default" height="47.244094488189" strokewidth="7.8740157480315" charwidth="47.244094488189" />
  <textstyle name="Dimension" height="19.6850393700787" strokewidth="0" charwidth="19.6850393700787" />
  <textstyle name="H127W0635TH00762" height="50" strokewidth="3" charwidth="25" />
  <textstyle name="H15W15TH02" height="59.0551181102362" strokewidth="7.8740157480315" charwidth="59.0551181102362" />
  <padstyle name="r150_100" surface="True" plated="False" isvia="False" nopaste="False" nomask="True" complex="False" holesize="0">
    <padshape layer="TOP" shape="rectangle" width="39.370078740157" height="59.055118110235" />
    <padshape layer="TOP_SOLDER_MASK" shape="rectangle" width="47.244094488188" height="66.929133858267" />
    <padshape layer="TOP_SOLDER_PASTE" shape="rectangle" width="39.370078740157" height="59.055118110235" />
  </padstyle>
  <padstyle name="r170_100" surface="True" plated="False" isvia="False" nopaste="False" nomask="True" complex="False" holesize="0">
    <padshape layer="TOP" shape="rectangle" width="39.370078740157" height="66.929133858267" />
    <padshape layer="TOP_SOLDER_MASK" shape="rectangle" width="47.244094488188" height="74.803149606298" />
    <padshape layer="TOP_SOLDER_PASTE" shape="rectangle" width="39.370078740157" height="66.929133858267" />
  </padstyle>
  <padstyle name="r340_220" surface="True" plated="False" isvia="False" nopaste="False" nomask="True" complex="False" holesize="0">
    <padshape layer="TOP" shape="rectangle" width="86.614173228345" height="133.85826771653" />
    <padshape layer="TOP_SOLDER_MASK" shape="rectangle" width="94.488188976377" height="141.73228346457" />
    <padshape layer="TOP_SOLDER_PASTE" shape="rectangle" width="86.614173228345" height="133.85826771653" />
  </padstyle>
  <footprint name="RT916633GX" originx="0" originy="0" pickpointx="0" pickpointy="0">
    <pcbpin number="1" name="1" style="r150_100" originx="-59.055118110235" originy="-68.503937007873" rotation="0" />
    <pcbpin number="2" name="2" style="r170_100" originx="0" originy="-64.566929133857" rotation="0" />
    <pcbpin number="3" name="3" style="r150_100" originx="59.055118110235" originy="-68.503937007873" rotation="0" />
    <pcbpin number="4" name="4" style="r340_220" originx="0" originy="35.826771653543" rotation="0" />
    <line layer="TOP_ASSEMBLY" originx="-88.503937007873" originy="-49.015748031495" endx="88.503937007873" endy="-49.015748031495" width="3.9370078740157" />
    <line layer="TOP_ASSEMBLY" originx="88.503937007873" originy="-49.015748031495" endx="88.503937007873" endy="49.015748031495" width="3.9370078740157" />
    <line layer="TOP_ASSEMBLY" originx="88.503937007873" originy="49.015748031495" endx="-88.503937007873" endy="49.015748031495" width="3.9370078740157" />
    <line layer="TOP_ASSEMBLY" originx="-88.503937007873" originy="49.015748031495" endx="-88.503937007873" endy="-49.015748031495" width="3.9370078740157" />
    <line layer="TOP_SILKSCREEN" originx="-68.897637795275" originy="49.015748031495" endx="-88.503937007873" endy="49.015748031495" width="7.8740157480314" />
    <line layer="TOP_SILKSCREEN" originx="-88.503937007873" originy="49.015748031495" endx="-88.503937007873" endy="49.015748031495" width="7.8740157480314" />
    <line layer="TOP_SILKSCREEN" originx="-88.503937007873" originy="49.015748031495" endx="-68.897637795275" endy="49.015748031495" width="7.8740157480314" />
    <line layer="TOP_SILKSCREEN" originx="-68.897637795275" originy="49.015748031495" endx="-68.897637795275" endy="49.015748031495" width="7.8740157480314" />
    <line layer="TOP_SILKSCREEN" originx="-88.582677165353" originy="49.015748031495" endx="-88.503937007873" endy="49.015748031495" width="7.8740157480314" />
    <line layer="TOP_SILKSCREEN" originx="-88.503937007873" originy="49.015748031495" endx="-88.503937007873" endy="-9.8425196850392" width="7.8740157480314" />
    <line layer="TOP_SILKSCREEN" originx="-88.503937007873" originy="-9.8425196850392" endx="-88.582677165353" endy="-9.8425196850392" width="7.8740157480314" />
    <line layer="TOP_SILKSCREEN" originx="-88.582677165353" originy="-9.8425196850392" endx="-88.582677165353" endy="49.015748031495" width="7.8740157480314" />
    <line layer="TOP_SILKSCREEN" originx="88.503937007873" originy="-9.8425196850392" endx="88.582677165353" endy="-9.8425196850392" width="7.8740157480314" />
    <line layer="TOP_SILKSCREEN" originx="88.582677165353" originy="-9.8425196850392" endx="88.582677165353" endy="49.015748031495" width="7.8740157480314" />
    <line layer="TOP_SILKSCREEN" originx="88.582677165353" originy="49.015748031495" endx="88.503937007873" endy="49.015748031495" width="7.8740157480314" />
    <line layer="TOP_SILKSCREEN" originx="88.503937007873" originy="49.015748031495" endx="88.503937007873" endy="-9.8425196850392" width="7.8740157480314" />
    <line layer="TOP_SILKSCREEN" originx="88.582677165353" originy="49.015748031495" endx="68.897637795275" endy="49.015748031495" width="7.8740157480314" />
    <line layer="TOP_SILKSCREEN" originx="68.897637795275" originy="49.015748031495" endx="68.897637795275" endy="49.015748031495" width="7.8740157480314" />
    <line layer="TOP_SILKSCREEN" originx="68.897637795275" originy="49.015748031495" endx="88.582677165353" endy="49.015748031495" width="7.8740157480314" />
    <line layer="TOP_SILKSCREEN" originx="88.582677165353" originy="49.015748031495" endx="88.582677165353" endy="49.015748031495" width="7.8740157480314" />
    <line layer="TOP_PLACE_BOUND" originx="-127.95275590551" originy="142.12598425197" endx="127.95275590551" endy="142.12598425197" width="3.9370078740157" />
    <line layer="TOP_PLACE_BOUND" originx="127.95275590551" originy="142.12598425197" endx="127.95275590551" endy="-137.40157480315" width="3.9370078740157" />
    <line layer="TOP_PLACE_BOUND" originx="127.95275590551" originy="-137.40157480315" endx="-127.95275590551" endy="-137.40157480315" width="3.9370078740157" />
    <line layer="TOP_PLACE_BOUND" originx="-127.95275590551" originy="-137.40157480315" endx="-127.95275590551" endy="142.12598425197" width="3.9370078740157" />
    <line layer="TOP_SILKSCREEN" originx="-59.055118110235" originy="-118.11023622047" endx="-59.055118110235" endy="-118.11023622047" width="7.8740157480314" />
    <arc layer="TOP_SILKSCREEN" originx="-59.055118110235" originy="-116.14173228346" startangle="-90.0" sweepangle="180.0" radius="1.9685039370079" width="7.8740157480314" />
    <line layer="TOP_SILKSCREEN" originx="-59.055118110235" originy="-114.17322834646" endx="-59.055118110235" endy="-114.17322834646" width="7.8740157480314" />
    <arc layer="TOP_SILKSCREEN" originx="-59.055118110235" originy="-116.14173228346" startangle="90.0" sweepangle="180.0" radius="1.9685039370079" width="7.8740157480314" />
    <line layer="TOP_SILKSCREEN" originx="-59.055118110235" originy="-118.11023622047" endx="-59.055118110235" endy="-118.11023622047" width="7.8740157480314" />
    <arc layer="TOP_SILKSCREEN" originx="-59.055118110235" originy="-116.14173228346" startangle="-90.0" sweepangle="180.0" radius="1.9685039370079" width="7.8740157480314" />
  </footprint>
  <symbol name="RT9166-33GX" originx="0" originy="0">
    <line originx="200" originy="100" endx="1000" endy="100" width="0" />
    <line originx="1000" originy="-200" endx="1000" endy="100" width="0" />
    <line originx="1000" originy="-200" endx="200" endy="-200" width="0" />
    <line originx="200" originy="100" endx="200" endy="-200" width="0" />
    <sympin number="1" originx="200" originy="0" rotation="180" length="100" width="7.8740157480315" flipped="False">
      <text name="pinname" originx="230" originy="0" style="Default" rotation="0" justify="left" flipped="False" hidden="False" data="VOUT" />
      <text name="pindes" originx="140" originy="20" style="Default" rotation="0" justify="lowerright" flipped="False" hidden="False" data="1" />
    </sympin>
    <sympin number="2" originx="200" originy="-100" rotation="180" length="100" width="7.8740157480315" flipped="False">
      <text name="pinname" originx="230" originy="-100" style="Default" rotation="0" justify="left" flipped="False" hidden="False" data="GND_1" />
      <text name="pindes" originx="140" originy="-80" style="Default" rotation="0" justify="lowerright" flipped="False" hidden="False" data="2" />
    </sympin>
    <sympin number="3" originx="1000" originy="0" rotation="0" length="100" width="7.8740157480315" flipped="False">
      <text name="pinname" originx="970" originy="0" style="Default" rotation="0" justify="right" flipped="False" hidden="False" data="VIN" />
      <text name="pindes" originx="1060" originy="20" style="Default" rotation="0" justify="lowerleft" flipped="False" hidden="False" data="3" />
    </sympin>
    <sympin number="4" originx="1000" originy="-100" rotation="0" length="100" width="7.8740157480315" flipped="False">
      <text name="pinname" originx="970" originy="-100" style="Default" rotation="0" justify="right" flipped="False" hidden="False" data="GND_2" />
      <text name="pindes" originx="1060" originy="-80" style="Default" rotation="0" justify="lowerleft" flipped="False" hidden="False" data="4" />
    </sympin>
  </symbol>
  <component name="RT9166-33GX" designatorprefix="IC" height="62.992125984251" footprint="RT916633GX">
    <comppin designator="1" sympin="1" pinswap="0" gateswap="0" gate="1" group="1" side="" type="Any" name="VOUT" />
    <comppin designator="2" sympin="2" pinswap="0" gateswap="0" gate="1" group="1" side="" type="Any" name="GND_1" />
    <comppin designator="3" sympin="3" pinswap="0" gateswap="0" gate="1" group="1" side="" type="Any" name="VIN" />
    <comppin designator="4" sympin="4" pinswap="0" gateswap="0" gate="1" group="1" side="" type="Any" name="GND_2" />
    <attached_symbol gate="1" name="RT9166-33GX" />
    <pinmap designator="1" footprintpin="1" />
    <pinmap designator="2" footprintpin="2" />
    <pinmap designator="3" footprintpin="3" />
    <pinmap designator="4" footprintpin="4" />
    <text name="Datasheet" originx="0" originy="0" style="Default" rotation="0" justify="" flipped="False" hidden="True" data="https://www.richtek.com/assets/product_file/RT9166=RT9166A/DS9166A-23.pdf" />
    <text name="Description" originx="0" originy="0" style="Default" rotation="0" justify="" flipped="False" hidden="True" data="IC REG LINEAR 3.3V 300MA SOT89-3" />
    <text name="Manufacturer_Name" originx="0" originy="0" style="Default" rotation="0" justify="" flipped="False" hidden="True" data="RICHTEK" />
    <text name="Manufacturer_Part_Number" originx="1050" originy="200" style="Default" rotation="0" justify="left" flipped="False" hidden="False" data="RT9166-33GX" />
    <text name="Mouser Part Number" originx="0" originy="0" style="Default" rotation="0" justify="" flipped="False" hidden="True" data="" />
    <text name="Mouser Price/Stock" originx="0" originy="0" style="Default" rotation="0" justify="" flipped="False" hidden="True" data="" />
    <text name="Arrow Part Number" originx="0" originy="0" style="Default" rotation="0" justify="" flipped="False" hidden="True" data="" />
    <text name="Arrow Price/Stock" originx="0" originy="0" style="Default" rotation="0" justify="" flipped="False" hidden="True" data="" />
  </component>
</quadcept_library>
